"lineage","country_count"
"A","['(Gabon,2)', '(Panama,9)', '(United Kingdom,159)', '(Japan,127)', '(Tunisia,2)', '(Ecuador,1)', '(Somalia,2)', '(Chile,2)', '(Russia,2)', '(Colombia,12)', '(Canada,129)', '(Zambia,3)', '(Finland,3)', '(Ethiopia,1)', '(Guatemala,1)', '(Vietnam,5)', '(Mexico,8)', '(Brazil,1)', '(India,116)', '(Argentina,1)', '(Denmark,22)', '(Belgium,13)', '(Nigeria,28)', '(Ireland,21)', '(Peru,1)', '(Norway,8)', '(Philippines,15)', '(Italy,23)', '(United Arab Emirates,270)', '(Pakistan,3)', '(Israel,2)', '(Australia,104)', '(Iceland,2)', '(Nepal,1)', '(Taiwan,2)', '(Saudi Arabia,38)', '(Gambia,7)', '(Netherlands,38)', '(Portugal,2)', '(Sri Lanka,2)', '(China,221)', '(Senegal,3)', '(Thailand,2)', '(South Korea,51)', '(Germany,192)', '(USA,696)', '(Bahrain,2)', '(Malaysia,3)', '(Greece,1)', '(French Guiana,1)', '(Uruguay,1)', '(Zimbabwe,6)', '(Croatia,2)', '(Hong Kong,6)', '(Benin,4)', '(Oman,3)', '(Angola,3)', '(Mali,10)', '(Kazakhstan,3)', '(Trinidad and Tobago,1)', '(Burkina Faso,12)', '(Togo,15)', '(Guinea Bissau,1)', '(Cote d\'Ivoire,3)', '(Sweden,6)', '(Singapore,14)', '(Slovakia,2)', '(Spain,36)', '(Turkey,7)', '(Bangladesh,5)', '(Uzbekistan,1)', '(Czech Republic,2)', '(Jordan,3)', '(Kenya,21)', '(Uganda,12)', '(Qatar,77)', '(Rwanda,4)', '(South Africa,5)', '(Ghana,19)', '(New Zealand,7)', '(Democratic Republic of the Congo,7)', '(Switzerland,17)', '(Egypt,10)', '(Austria,3)', '(France,46)']"
"A.1","['(Vietnam,4)', '(Japan,1)', '(United Kingdom,23)', '(Singapore,3)', '(Chile,1)', '(Iceland,19)', '(USA,2547)', '(New Zealand,23)', '(Mexico,8)', '(Colombia,4)', '(Peru,3)', '(Taiwan,4)', '(Australia,228)', '(Argentina,1)', '(India,2)', '(Costa Rica,3)', '(Greece,1)', '(Canada,365)', '(Panama,11)', '(Brazil,1)', '(Ecuador,1)', '(Hong Kong,4)', '(Uruguay,2)']"
"A.2","['(Greece,3)', '(Israel,7)', '(United Arab Emirates,1)', '(Finland,1)', '(Uganda,1)', '(Panama,73)', '(France,3)', '(Chile,11)', '(India,3)', '(Kazakhstan,19)', '(Luxembourg,5)', '(Venezuela,1)', '(Costa Rica,1)', '(Equatorial Guinea,2)', '(Australia,10)', '(Vietnam,2)', '(Spain,1076)', '(Austria,6)', '(Senegal,1)', '(Japan,5)', '(Germany,14)', '(Brazil,5)', '(New Zealand,4)', '(Belgium,2)', '(Colombia,2)', '(United Kingdom,82)', '(Portugal,28)', '(Poland,1)', '(China,1)', '(Ecuador,2)', '(Peru,8)', '(Mexico,3)', '(Switzerland,4)', '(Georgia,1)', '(Denmark,6)', '(Netherlands,26)', '(Italy,2)', '(Czech Republic,1)', '(Uruguay,2)', '(USA,54)', '(Canada,12)']"
"A.23.1","['(Poland,1)', '(New Zealand,1)', '(Qatar,1)', '(Ireland,1)', '(Uganda,147)', '(South Korea,1)', '(Netherlands,3)', '(Australia,1)', '(Russia,1)', '(Belgium,22)', '(Botswana,1)', '(Mauritius,1)', '(Malaysia,1)', '(Togo,1)', '(Philippines,4)', '(United Arab Emirates,1)', '(Latvia,8)', '(Greece,1)', '(Cameroon,2)', '(Canada,433)', '(Indonesia,6)', '(South Africa,1)', '(USA,74)', '(Kenya,14)', '(India,5)', '(Denmark,7)', '(Rwanda,108)', '(Italy,4)', '(Ghana,3)', '(Germany,3)', '(Israel,1)', '(Republic of the Congo,1)', '(Vietnam,5)', '(Finland,1)', '(Norway,1)', '(United Kingdom,173)', '(Democratic Republic of the Congo,11)', '(Sweden,14)', '(Cambodia,14)', '(Zimbabwe,2)', '(France,3)', '(Switzerland,3)']"
"AD.2","['(Greece,140)', '(Lithuania,3)', '(Italy,6)', '(New Zealand,1)', '(Montenegro,1)', '(Hong Kong,1)', '(Canada,1)', '(Singapore,1)', '(Netherlands,11)', '(Germany,4)', '(Taiwan,2)', '(Norway,1)', '(Denmark,2)', '(Luxembourg,2)', '(South Korea,1)', '(Portugal,7)', '(Iceland,2)', '(USA,3)', '(Kosovo,1)', '(United Kingdom,4208)']"
"AE.8","['(USA,1)', '(South Korea,2)', '(Canada,1516)']"
"B","['(Uruguay,2)', '(United Arab Emirates,33)', '(Luxembourg,8)', '(Israel,10)', '(Egypt,34)', '(Ecuador,17)', '(Canada,68)', '(Ghana,2)', '(Mexico,7)', '(Thailand,26)', '(Germany,133)', '(India,75)', '(Armenia,1)', '(Oman,12)', '(Bosnia and Herzegovina,1)', '(Malaysia,28)', '(Cameroon,1)', '(Mali,1)', '(Jamaica,1)', '(Russia,1)', '(Brazil,11)', '(Republic of the Congo,4)', '(Ireland,39)', '(Colombia,9)', '(Slovenia,21)', '(Denmark,13)', '(Iran,1)', '(Greece,7)', '(Poland,4)', '(Taiwan,22)', '(Vietnam,5)', '(Botswana,2)', '(Uganda,5)', '(Peru,2)', '(Lebanon,1)', '(Philippines,6)', '(Cambodia,2)', '(Sweden,15)', '(Bangladesh,3)', '(Hong Kong,58)', '(New Zealand,19)', '(Iceland,223)', '(Italy,136)', '(Portugal,34)', '(Switzerland,52)', '(Finland,9)', '(Saudi Arabia,8)', '(Indonesia,40)', '(USA,835)', '(Cote d\'Ivoire,1)', '(Palestine,2)', '(Latvia,5)', '(Panama,1)', '(Senegal,19)', '(Kenya,9)', '(Papua New Guinea,1)', '(Sri Lanka,2)', '(China,692)', '(South Korea,37)', '(United Kingdom,1746)', '(South Africa,11)', '(France,73)', '(Turkey,21)', '(Nigeria,3)', '(Belgium,52)', '(Kazakhstan,1)', '(Kuwait,3)', '(Chile,5)', '(Ukraine,1)', '(Austria,22)', '(Singapore,142)', '(Pakistan,4)', '(Spain,219)', '(Japan,101)', '(Lithuania,2)', '(Georgia,3)', '(Czech Republic,13)', '(Romania,1)', '(Qatar,149)', '(Netherlands,106)', '(Argentina,4)', '(Togo,1)', '(Nepal,1)', '(Norway,13)', '(Australia,120)']"
"B.1","['(Andorra,1)', '(Canada,3514)', '(Indonesia,150)', '(Malta,1)', '(Georgia,11)', '(Ecuador,60)', '(Turkey,1504)', '(Central African Republic,2)', '(Dominican Republic,9)', '(Mauritius,4)', '(France,2453)', '(Cambodia,5)', '(Denmark,1462)', '(Haiti,23)', '(Algeria,9)', '(Israel,456)', '(Malaysia,61)', '(Montenegro,2)', '(Czech Republic,145)', '(Cameroon,40)', '(Crimea,2)', '(Chile,226)', '(Germany,3209)', '(Portugal,454)', '(Jamaica,3)', '(Brazil,238)', '(Gambia,90)', '(Uruguay,3)', '(Belize,3)', '(Northern Mariana Islands,11)', '(Morocco,79)', '(Paraguay,9)', '(Honduras,22)', '(Zimbabwe,54)', '(Namibia,3)', '(Ireland,213)', '(Malawi,1)', '(Slovenia,131)', '(Burkina Faso,42)', '(Benin,5)', '(Bolivia,2)', '(Rwanda,10)', '(Faroe Islands,4)', '(Reunion,4)', '(South Africa,561)', '(Bulgaria,90)', '(Nigeria,70)', '(Venezuela,3)', '(Bahamas,2)', '(Aruba,39)', '(Curacao,11)', '(New Zealand,163)', '(Luxembourg,211)', '(Panama,167)', '(Nepal,3)', '(Thailand,92)', '(Suriname,10)', '(Palestine,13)', '(Italy,1188)', '(Gibraltar,21)', '(Australia,1167)', '(Guyana,2)', '(Kazakhstan,6)', '(Tunisia,10)', '(Bahrain,6)', '(Kenya,425)', '(Vietnam,41)', '(Mayotte,1)', '(Timor-Leste,1)', '(Greece,105)', '(Somalia,15)', '(Saudi Arabia,436)', '(Equatorial Guinea,27)', '(Taiwan,40)', '(Mexico,827)', '(Eswatini,1)', '(Switzerland,2040)', '(El Salvador,4)', '(Iraq,2)', '(Lithuania,76)', '(India,2285)', '(Japan,277)', '(Angola,20)', '(Guinea,15)', '(Liechtenstein,7)', '(Belarus,15)', '(Sint Maarten,1)', '(Guatemala,32)', '(Democratic Republic of the Congo,150)', '(Egypt,289)', '(USA,37022)', '(Belgium,609)', '(Spain,2547)', '(Netherlands,496)', '(Cote d\'Ivoire,21)', '(China,57)', '(Mongolia,7)', '(Slovakia,7)', '(Saint Martin,10)', '(Myanmar,1)', '(Guadeloupe,21)', '(Oman,24)', '(Papua New Guinea,3)', '(Zambia,11)', '(Sierra Leone,3)', '(Afghanistan,4)', '(Bermuda,3)', '(Guinea Bissau,2)', '(morocco,1)', '(Republic of the Congo,18)', '(Lebanon,11)', '(Costa Rica,54)', '(Croatia,66)', '(Serbia,30)', '(Sri Lanka,19)', '(Iran,5)', '(Hong Kong,77)', '(Austria,455)', '(Botswana,15)', '(Trinidad and Tobago,1)', '(Saint Kitts and Nevis,1)', '(United Arab Emirates,127)', '(Philippines,246)', '(Armenia,3)', '(Colombia,299)', '(Bangladesh,98)', '(North Macedonia,27)', '(Sweden,515)', '(Ethiopia,8)', '(Peru,80)', '(Russia,263)', '(Uganda,39)', '(Hungary,55)', '(Finland,671)', '(Pakistan,24)', '(Lesotho,1)', '(Mali,9)', '(United Kingdom,8255)', '(Ukraine,35)', '(Romania,82)', '(Mozambique,36)', '(Poland,83)', '(Qatar,450)', '(Jordan,9)', '(Argentina,205)', '(Madagascar,21)', '(Kuwait,2)', '(Singapore,112)', '(Ghana,60)', '(Bosnia and Herzegovina,32)', '(Togo,13)', '(Estonia,34)', '(Norway,248)', '(Cyprus,3)', '(Saint Barthelemy,2)', '(South Korea,118)', '(Iceland,708)', '(Latvia,28)', '(Moldova,4)', '(Senegal,125)', '(Gabon,7)']"
"B.1.1","['(Guadeloupe,1)', '(Faroe Islands,3)', '(Hungary,33)', '(Gambia,78)', '(Ghana,120)', '(Senegal,47)', '(Israel,145)', '(Costa Rica,13)', '(Romania,42)', '(Zambia,21)', '(Venezuela,3)', '(Denmark,760)', '(Pakistan,5)', '(Egypt,55)', '(Japan,3796)', '(Slovakia,10)', '(Qatar,99)', '(Kuwait,1)', '(USA,6596)', '(Taiwan,18)', '(Switzerland,994)', '(Zimbabwe,45)', '(Mauritius,84)', '(Afghanistan,1)', '(Nigeria,85)', '(Iceland,199)', '(Rwanda,4)', '(Guinea Bissau,6)', '(Lebanon,4)', '(Czech Republic,116)', '(Cameroon,4)', '(Philippines,454)', '(North Macedonia,53)', '(Uganda,3)', '(Iran,4)', '(Bahamas,2)', '(Nepal,6)', '(Russia,1689)', '(Morocco,52)', '(Vietnam,67)', '(Germany,1972)', '(Cyprus,13)', '(New Zealand,166)', '(Saudi Arabia,85)', '(Guam,2)', '(Azerbaijan,6)', '(Curacao,2)', '(Myanmar,1)', '(Democratic Republic of the Congo,1)', '(Turkey,1083)', '(Kazakhstan,41)', '(Chile,216)', '(Serbia,2)', '(Malaysia,7)', '(Malta,2)', '(Gabon,9)', '(Spain,777)', '(Jamaica,1)', '(Armenia,39)', '(Bahrain,8)', '(Peru,281)', '(Namibia,11)', '(Georgia,14)', '(Panama,8)', '(Palestine,5)', '(Canada,1349)', '(Thailand,45)', '(China,31)', '(Montenegro,1)', '(South Africa,366)', '(Bulgaria,19)', '(Bangladesh,83)', '(Hong Kong,111)', '(Sierra Leone,2)', '(Kenya,77)', '(Moldova,3)', '(Finland,213)', '(Ecuador,191)', '(Honduras,1)', '(Estonia,33)', '(Bosnia and Herzegovina,5)', '(Netherlands,412)', '(Sri Lanka,4)', '(South Korea,122)', '(Algeria,4)', '(Australia,392)', '(Jordan,15)', '(France,436)', '(Madagascar,61)', '(Iraq,2)', '(Luxembourg,140)', '(Burkina Faso,9)', '(Slovenia,123)', '(Uruguay,2)', '(Italy,668)', '(Sweden,452)', '(Mozambique,6)', '(Ukraine,27)', '(Oman,24)', '(Belarus,2)', '(Colombia,70)', '(Poland,531)', '(India,1024)', '(Belize,2)', '(Belgium,519)', '(Norway,195)', '(Brazil,440)', '(Cambodia,2)', '(Malawi,2)', '(Botswana,17)', '(Indonesia,115)', '(Togo,7)', '(Portugal,821)', '(Argentina,30)', '(Tunisia,7)', '(Cote d\'Ivoire,3)', '(United Kingdom,15545)', '(Liechtenstein,1)', '(Croatia,20)', '(Mexico,235)', '(Lithuania,58)', '(Mayotte,3)', '(Latvia,81)', '(Greece,398)', '(Austria,259)', '(Ireland,381)', '(Angola,1)', '(Crimea,4)', '(Gibraltar,40)', '(Uzbekistan,6)', '(Equatorial Guinea,2)', '(United Arab Emirates,261)', '(Northern Mariana Islands,1)', '(Singapore,130)', '(Bolivia,9)']"
"B.1.1.1","['(Luxembourg,1)', '(Kenya,3)', '(Canada,44)', '(Nigeria,2)', '(United Kingdom,1557)', '(Rwanda,2)', '(Austria,19)', '(Vietnam,2)', '(Togo,1)', '(Hungary,8)', '(Ukraine,4)', '(Croatia,1)', '(Peru,135)', '(Aruba,1)', '(Netherlands,24)', '(Brazil,2)', '(Namibia,2)', '(Israel,3)', '(South Korea,6)', '(New Zealand,6)', '(Pakistan,10)', '(Ireland,9)', '(Argentina,46)', '(Denmark,46)', '(Spain,54)', '(Hong Kong,5)', '(Costa Rica,3)', '(Bulgaria,3)', '(Slovakia,7)', '(Latvia,1)', '(Philippines,1)', '(Ecuador,19)', '(Poland,8)', '(Bahrain,1)', '(South Africa,25)', '(Switzerland,17)', '(Finland,4)', '(Tunisia,3)', '(France,24)', '(Japan,39)', '(Guadeloupe,5)', '(Egypt,17)', '(India,1)', '(Turkey,27)', '(Mozambique,2)', '(Democratic Republic of the Congo,10)', '(Iceland,13)', '(Malaysia,1)', '(Germany,159)', '(Greece,2)', '(Serbia,6)', '(Chile,7)', '(Colombia,1)', '(Uruguay,4)', '(Estonia,2)', '(Sweden,4)', '(Singapore,3)', '(Cameroon,40)', '(Malawi,1)', '(Norway,26)', '(Uganda,6)', '(Mayotte,1)', '(Zambia,1)', '(USA,138)', '(Australia,44)', '(Portugal,7)', '(Czech Republic,8)', '(Russia,11)', '(Belgium,125)', '(Italy,58)', '(Mexico,1)']"
"B.1.1.176","['(Singapore,1)', '(Belgium,1)', '(Canada,1369)', '(Monaco,1)', '(USA,1)']"
"B.1.1.214","['(New Zealand,1)', '(China,1)', '(Singapore,1)', '(Chile,1)', '(Cambodia,1)', '(Austria,1)', '(Japan,17020)', '(Hong Kong,1)', '(Switzerland,2)', '(Australia,2)', '(South Korea,4)']"
"B.1.1.222","['(Belize,1)', '(Slovenia,1)', '(Austria,2)', '(Belgium,2)', '(Chile,1)', '(Argentina,3)', '(Taiwan,2)', '(USA,2420)', '(Canada,118)', '(Israel,1)', '(Japan,33)', '(Luxembourg,1)', '(Spain,9)', '(Mexico,564)', '(Norway,1)', '(Switzerland,3)', '(United Kingdom,3)', '(Germany,4)', '(Costa Rica,2)', '(South Korea,4)', '(Denmark,1)']"
"B.1.1.25","['(Japan,11)', '(New Zealand,2)', '(South Africa,1)', '(Switzerland,1)', '(Peru,3)', '(Pakistan,1)', '(Hong Kong,2)', '(Canada,257)', '(Denmark,6)', '(Bangladesh,828)', '(France,1)', '(Bahrain,2)', '(Philippines,3)', '(Luxembourg,1)', '(United Kingdom,85)', '(United Arab Emirates,2)', '(Finland,1)', '(South Korea,6)', '(Thailand,1)', '(USA,125)', '(Australia,44)', '(Italy,21)', '(Germany,5)', '(Netherlands,1)', '(Singapore,6)', '(Cyprus,2)', '(Belgium,1)', '(India,27)', '(Israel,1)', '(Sri Lanka,1)']"
"B.1.1.277","['(Belgium,1)', '(South Korea,4)', '(Germany,79)', '(United Kingdom,221)', '(Ireland,5)', '(Spain,14)', '(Sweden,14)', '(Finland,2)', '(Greece,4)', '(Netherlands,9)', '(Czech Republic,26)', '(Switzerland,80)', '(Israel,1)', '(Poland,44)', '(Denmark,578)', '(Slovakia,1)', '(France,1)', '(USA,8)', '(Brazil,2)', '(Lithuania,4)', '(Norway,68)', '(Cyprus,3)', '(Italy,13)', '(Iceland,35)', '(Morocco,1)', '(Austria,10)', '(Japan,3)', '(Latvia,2)', '(Colombia,1)', '(Egypt,1)', '(Hungary,15)', '(Russia,1)']"
"B.1.128","['(Mexico,3)', '(Germany,1)', '(USA,2)', '(Qatar,1)', '(Canada,1183)', '(Democratic Republic of the Congo,39)', '(Switzerland,56)', '(France,9)', '(Spain,1)', '(United Kingdom,2)', '(Belgium,2)']"
"B.1.1.28","['(Germany,12)', '(Norway,3)', '(Italy,6)', '(French Guiana,34)', '(Indonesia,2)', '(Philippines,468)', '(India,3)', '(Colombia,1)', '(Mexico,12)', '(Gibraltar,4)', '(Uruguay,9)', '(Netherlands,4)', '(Turkey,2)', '(Singapore,1)', '(Chile,4)', '(Belgium,3)', '(Denmark,2)', '(France,8)', '(South Africa,1)', '(Mauritius,1)', '(USA,173)', '(Japan,64)', '(Czech Republic,1)', '(New Zealand,3)', '(Morocco,1)', '(Portugal,19)', '(Switzerland,6)', '(China,2)', '(Thailand,1)', '(Panama,2)', '(South Korea,5)', '(Argentina,10)', '(Peru,1)', '(Senegal,1)', '(Paraguay,32)', '(Luxembourg,1)', '(Ireland,2)', '(Israel,1)', '(Sweden,2)', '(Qatar,12)', '(Poland,4)', '(Taiwan,1)', '(Austria,1)', '(Brazil,1756)', '(Spain,35)', '(Canada,6)', '(Australia,14)', '(United Kingdom,32)']"
"B.1.1.284","['(Hong Kong,2)', '(Australia,2)', '(Thailand,2)', '(Singapore,1)', '(South Korea,4)', '(Japan,9068)']"
"B.1.1.291","['(Zambia,1)', '(Latvia,6)', '(India,1)', '(USA,1154)', '(Japan,1)', '(Canada,6)', '(United Kingdom,3)', '(Russia,3)', '(Chile,2)', '(Colombia,1)', '(Greece,1)', '(Germany,1)']"
"B.1.1.298","['(Netherlands,1)', '(Denmark,1542)', '(Faroe Islands,1)']"
"B.1.1.306","['(Norway,1)', '(India,1616)', '(Denmark,3)', '(Bahrain,6)', '(Belgium,2)', '(Australia,4)', '(Mexico,1)', '(United Arab Emirates,4)', '(Singapore,5)', '(Zimbabwe,1)', '(Hong Kong,8)', '(Thailand,1)', '(Ghana,2)', '(United Kingdom,35)', '(New Zealand,2)', '(Zambia,17)', '(USA,48)', '(South Korea,2)', '(Mozambique,4)', '(Greece,5)', '(Japan,2)', '(France,2)', '(Spain,1)', '(Ireland,1)', '(Poland,1)', '(Canada,23)']"
"B.1.1.311","['(New Zealand,1)', '(United Kingdom,2617)', '(Spain,1)', '(Indonesia,1)', '(Mexico,2)', '(USA,3)', '(Canada,2)', '(Denmark,8)', '(Norway,2)', '(Slovakia,1)', '(Ireland,5)', '(Russia,1)', '(Japan,2)', '(Bulgaria,1)']"
"B.1.1.317","['(Switzerland,21)', '(Slovenia,2)', '(Japan,9)', '(Australia,9)', '(Sweden,10)', '(North Macedonia,1)', '(Denmark,26)', '(Romania,5)', '(Mexico,2)', '(Vietnam,5)', '(Czech Republic,2)', '(United Arab Emirates,1)', '(Poland,43)', '(Belgium,17)', '(Singapore,2)', '(Austria,5)', '(India,1)', '(New Zealand,7)', '(Faroe Islands,1)', '(Russia,551)', '(Croatia,4)', '(Finland,56)', '(Israel,9)', '(United Kingdom,43)', '(Greece,2)', '(South Korea,6)', '(Canada,10)', '(Latvia,12)', '(Germany,1040)', '(China,21)', '(France,13)', '(Italy,2)', '(Turkey,44)', '(Norway,28)', '(Uzbekistan,1)', '(Belarus,1)', '(Spain,2)', '(Lithuania,5)', '(Morocco,1)', '(Hong Kong,2)', '(Netherlands,6)', '(Zimbabwe,1)', '(Estonia,69)', '(USA,67)', '(Ukraine,2)']"
"B.1.1.318","['(Netherlands,4)', '(Slovenia,9)', '(Gambia,2)', '(Finland,13)', '(Denmark,8)', '(Ghana,20)', '(Canada,629)', '(Australia,9)', '(Greece,537)', '(Sweden,14)', '(Ireland,189)', '(Japan,6)', '(Poland,2)', '(USA,477)', '(Lithuania,2)', '(Togo,8)', '(Bangladesh,16)', '(Cameroon,2)', '(Czech Republic,3)', '(India,1)', '(Austria,15)', '(Switzerland,103)', '(France,55)', '(Turkey,26)', '(Guinea,1)', '(Gabon,8)', '(Nigeria,33)', '(Spain,7)', '(Singapore,4)', '(Belgium,33)', '(Chile,1)', '(Portugal,6)', '(United Kingdom,242)', '(Argentina,8)', '(Uganda,3)', '(Germany,103)', '(Norway,11)', '(Luxembourg,35)', '(Italy,20)']"
"B.1.1.33","['(Spain,5)', '(Suriname,1)', '(Brazil,1543)', '(New Zealand,2)', '(Germany,1)', '(Paraguay,8)', '(Uruguay,28)', '(Japan,7)', '(United Kingdom,16)', '(Italy,4)', '(Bolivia,2)', '(Trinidad and Tobago,2)', '(Argentina,50)', '(Australia,13)', '(Chile,76)', '(France,2)', '(Mexico,6)', '(Austria,1)', '(USA,86)', '(Canada,108)', '(Peru,1)', '(Switzerland,4)', '(India,2)', '(Kenya,13)', '(Portugal,10)', '(Guyana,3)', '(Netherlands,2)', '(Denmark,1)', '(Hong Kong,1)', '(Ireland,2)']"
"B.1.1.369","['(Iceland,14)', '(Ireland,1)', '(Uganda,6)', '(Canada,9)', '(Australia,5)', '(Singapore,2)', '(Belgium,2)', '(United Kingdom,2190)', '(India,2)', '(USA,1)', '(Philippines,1)', '(Russia,1)', '(Germany,2)']"
"B.1.1.37","['(Greece,17)', '(Latvia,72)', '(Ireland,2)', '(Denmark,5)', '(United Kingdom,4748)', '(Norway,3)', '(Japan,2)', '(Netherlands,20)', '(USA,3)', '(Germany,12)', '(Gibraltar,3)', '(Turkey,3)', '(India,1)', '(Luxembourg,3)', '(Belgium,5)', '(Oman,1)', '(Iceland,31)', '(Australia,4)', '(South Africa,1)', '(Russia,1)', '(Sweden,2)', '(Kazakhstan,2)', '(Switzerland,38)', '(Poland,2)', '(Croatia,2)', '(Portugal,4)']"
"B.1.1.372","['(Switzerland,19)', '(South Korea,2)', '(Denmark,1)', '(Zimbabwe,1)', '(Peru,2)', '(Hong Kong,1)', '(Italy,6)', '(Russia,34)', '(Mongolia,1)', '(France,2)', '(USA,27)', '(Curacao,1)', '(Germany,13)', '(Chile,1)', '(Canada,6)', '(Iceland,11)', '(Estonia,1)', '(Norway,1)', '(Turkey,3)', '(United Kingdom,1190)', '(Slovenia,1)', '(Mozambique,1)', '(India,1)', '(Namibia,1)', '(Egypt,1)', '(New Zealand,1)', '(Austria,2)', '(Belgium,2)', '(South Africa,6)', '(Australia,1)', '(Japan,5)', '(Ecuador,4)', '(Brazil,2)', '(Angola,2)']"
"B.1.139","['(USA,1264)', '(Canada,5)']"
"B.1.1.39","['(Sweden,15)', '(Italy,22)', '(United Kingdom,79)', '(Slovenia,4)', '(Austria,23)', '(Finland,14)', '(Spain,14)', '(Bulgaria,1)', '(North Macedonia,10)', '(Ukraine,2)', '(Norway,27)', '(Denmark,30)', '(France,35)', '(Germany,271)', '(Hong Kong,2)', '(Belgium,14)', '(Canada,5)', '(Luxembourg,5)', '(Czech Republic,1)', '(Croatia,1)', '(Russia,1)', '(Iceland,3)', '(Bosnia and Herzegovina,1)', '(Kosovo,3)', '(Switzerland,1164)', '(USA,15)', '(Australia,1)', '(Netherlands,4)', '(Greece,1)']"
"B.1.1.434","['(Gibraltar,1)', '(Grenada,1)', '(Denmark,1)', '(Norway,1)', '(Mexico,1)', '(Peru,1)', '(Canada,15)', '(Switzerland,1)', '(Portugal,1)', '(Netherlands,1)', '(United Kingdom,144)', '(Australia,1)', '(Belgium,1)', '(Ireland,1)', '(Israel,9)', '(USA,2049)']"
"B.1.147","['(France,33)', '(Luxembourg,2)', '(Germany,3)', '(Democratic Republic of the Congo,1)', '(USA,14)', '(Qatar,1)', '(Belize,41)', '(Switzerland,16)', '(Canada,1025)', '(Belgium,27)', '(Cameroon,2)', '(United Kingdom,34)']"
"B.1.1.50","['(New Zealand,2)', '(USA,9)', '(Switzerland,4)', '(Palestine,79)', '(India,1)', '(Sweden,2)', '(Belgium,3)', '(Israel,1360)', '(Denmark,10)', '(Iceland,4)', '(Germany,1)', '(United Kingdom,54)', '(Croatia,1)']"
"B.1.1.519","['(Belgium,3)', '(Lithuania,3)', '(Qatar,11)', '(South Korea,2)', '(Finland,1)', '(Australia,5)', '(Aruba,28)', '(Israel,6)', '(Luxembourg,3)', '(France,36)', '(Romania,1)', '(Kosovo,1)', '(Italy,12)', '(Brazil,3)', '(Colombia,1)', '(Ecuador,1)', '(Canada,399)', '(United Kingdom,23)', '(Spain,60)', '(Netherlands,48)', '(USA,11728)', '(Japan,2)', '(Belize,2)', '(Germany,195)', '(Argentina,41)', '(Poland,1)', '(Denmark,177)', '(Austria,1)', '(Mexico,5707)', '(Martinique,12)', '(Costa Rica,5)', '(Ireland,1)', '(New Zealand,2)', '(Switzerland,143)', '(Sweden,3)', '(Chile,7)', '(Curacao,7)']"
"B.1.160","['(Denmark,3771)', '(Montenegro,1)', '(Bulgaria,54)', '(Taiwan,1)', '(Israel,25)', '(Curacao,1)', '(French Polynesia,11)', '(Croatia,36)', '(Barbados,1)', '(Morocco,5)', '(Serbia,9)', '(Namibia,1)', '(South Africa,7)', '(Japan,18)', '(Madagascar,2)', '(Estonia,4)', '(Netherlands,1065)', '(Bangladesh,1)', '(Mauritius,1)', '(North Macedonia,3)', '(Belgium,1070)', '(Angola,3)', '(Bermuda,8)', '(Spain,300)', '(Finland,200)', '(Mexico,1)', '(Slovakia,56)', '(Mozambique,2)', '(Czech Republic,29)', '(Qatar,1)', '(Luxembourg,1343)', '(Mayotte,64)', '(Germany,1890)', '(Norway,140)', '(Australia,21)', '(Guadeloupe,22)', '(Senegal,1)', '(Tunisia,28)', '(Canada,1082)', '(Romania,1)', '(Thailand,7)', '(Greece,25)', '(Sweden,1154)', '(Switzerland,2639)', '(Singapore,5)', '(French Guiana,14)', '(Cambodia,4)', '(United Arab Emirates,6)', '(Austria,357)', '(Portugal,289)', '(India,7)', '(Turkey,74)', '(Hong Kong,12)', '(Gibraltar,12)', '(Hungary,200)', '(Iceland,34)', '(Monaco,2)', '(Malta,14)', '(Martinique,2)', '(United Kingdom,2049)', '(Italy,661)', '(Slovenia,204)', '(Bosnia and Herzegovina,4)', '(USA,60)', '(Ireland,16)', '(New Zealand,5)', '(Albania,1)', '(South Korea,14)', '(Poland,40)', '(Latvia,2)', '(France,3899)', '(Cameroon,2)', '(Philippines,1)', '(Reunion,55)']"
"B.1.1.63","['(Canada,4)', '(New Zealand,3)', '(Singapore,4)', '(Australia,15)', '(Sweden,1)', '(Thailand,3)', '(Norway,1)', '(Philippines,988)', '(South Korea,8)', '(Iceland,1)', '(Malaysia,6)', '(United Kingdom,3)', '(Belgium,1)', '(USA,1)', '(Northern Mariana Islands,4)', '(Gibraltar,2)', '(Japan,43)', '(Denmark,1)', '(Mauritius,1)', '(Hong Kong,900)']"
"B.1.1.7","['(Russia,229)', '(Poland,12421)', '(Gambia,53)', '(Lithuania,5888)', '(New Zealand,145)', '(Aruba,523)', '(Latvia,1204)', '(Switzerland,19104)', '(United Arab Emirates,21)', '(Monaco,1)', '(Mexico,482)', '(Hungary,29)', '(Kenya,72)', '(Saudi Arabia,1)', '(Chile,96)', '(Indonesia,29)', '(Mauritius,1)', '(Rwanda,3)', '(Denmark,46632)', '(Guam,23)', '(Sri Lanka,94)', '(Democratic Republic of the Congo,8)', '(Bulgaria,2426)', '(morocco,1)', '(Kuwait,1)', '(Republic of the Congo,2)', '(Vietnam,11)', '(Croatia,1287)', '(Italy,19401)', '(South Africa,38)', '(Saint Lucia,9)', '(Netherlands,21964)', '(Pakistan,105)', '(Romania,524)', '(Brazil,316)', '(French Guiana,37)', '(Trinidad and Tobago,7)', '(Bangladesh,76)', '(Singapore,182)', '(Malta,140)', '(Portugal,3948)', '(Nigeria,134)', '(Norway,6029)', '(Belgium,14621)', '(Gabon,30)', '(Malaysia,9)', '(Nepal,10)', '(Bonaire,157)', '(Kosovo,3)', '(Armenia,13)', '(Tunisia,3)', '(Jamaica,3)', '(Argentina,123)', '(Albania,28)', '(Israel,7577)', '(Greece,4911)', '(Curacao,303)', '(Barbados,3)', '(Ukraine,52)', '(Malawi,1)', '(Angola,12)', '(Sweden,41195)', '(Reunion,51)', '(Cyprus,31)', '(Togo,22)', '(South Korea,574)', '(Slovenia,5642)', '(Lebanon,16)', '(Iran,24)', '(Central African Republic,2)', '(Georgia,23)', '(North Macedonia,187)', '(Ethiopia,3)', '(Cameroon,12)', '(Montenegro,7)', '(Palestine,27)', '(Colombia,74)', '(Faroe Islands,2)', '(Finland,2646)', '(Senegal,19)', '(Australia,397)', '(Thailand,395)', '(Iceland,20)', '(Turkey,583)', '(United Kingdom,249827)', '(France,26260)', '(Suriname,7)', '(India,1165)', '(Peru,3)', '(Mayotte,1)', '(Costa Rica,56)', '(Japan,11675)', '(Bahrain,12)', '(Guadeloupe,26)', '(Bosnia and Herzegovina,30)', '(Paraguay,4)', '(Cambodia,240)', '(Iraq,45)', '(Germany,92167)', '(Ireland,11361)', '(Belarus,3)', '(Sint Maarten,111)', '(Uganda,12)', '(Cote d\'Ivoire,15)', '(Belize,2)', '(Martinique,10)', '(Oman,1)', '(Equatorial Guinea,1)', '(Morocco,99)', '(Philippines,621)', '(Dominican Republic,4)', '(Azerbaijan,3)', '(Spain,13396)', '(Luxembourg,3968)', '(Moldova,3)', '(Ghana,221)', '(Canada,6714)', '(Czech Republic,2684)', '(China,12)', '(Gibraltar,130)', '(USA,159022)', '(Guinea Bissau,33)', '(Jordan,59)', '(Burkina Faso,3)', '(Guinea,12)', '(Qatar,191)', '(Taiwan,11)', '(Guatemala,1)', '(Ecuador,79)', '(Liechtenstein,7)', '(Kazakhstan,96)', '(Serbia,23)', '(Hong Kong,72)', '(Estonia,1165)', '(Austria,2667)', '(Cayman Islands,4)', '(Slovakia,2691)', '(Egypt,16)']"
"B.1.1.70","['(Switzerland,492)', '(Sweden,29)', '(France,1)', '(Singapore,1)', '(Kosovo,4)', '(Canada,1)', '(Ireland,4)', '(Slovenia,242)', '(Bosnia and Herzegovina,2)', '(Netherlands,11)', '(Croatia,16)', '(Montenegro,3)', '(Norway,24)', '(Hong Kong,1)', '(Germany,471)', '(Slovakia,4)', '(Spain,11)', '(North Macedonia,133)', '(Czech Republic,1)', '(Greece,5)', '(Denmark,642)', '(USA,16)', '(Italy,15)', '(Australia,6)', '(Hungary,20)', '(United Kingdom,140)', '(Portugal,7)', '(Belgium,30)', '(Iceland,11)', '(Israel,41)', '(Serbia,86)', '(Austria,83)', '(Brazil,1)', '(Luxembourg,18)', '(Kenya,1)', '(Latvia,3)']"
"B.1.177","['(Australia,21)', '(Equatorial Guinea,2)', '(Colombia,1)', '(Portugal,445)', '(France,965)', '(Ireland,145)', '(Iceland,85)', '(Morocco,6)', '(Hong Kong,20)', '(Russia,1)', '(Singapore,8)', '(North Macedonia,11)', '(South Africa,2)', '(Netherlands,1432)', '(Cameroon,1)', '(Egypt,1)', '(Gambia,1)', '(Japan,13)', '(Kosovo,2)', '(Kenya,3)', '(Romania,25)', '(Serbia,4)', '(USA,153)', '(Czech Republic,5)', '(Taiwan,1)', '(Slovakia,6)', '(Brazil,1)', '(China,1)', '(Ghana,2)', '(Croatia,69)', '(Germany,3337)', '(Rwanda,1)', '(Slovenia,50)', '(Switzerland,3020)', '(Tunisia,24)', '(Canada,22)', '(New Zealand,11)', '(Luxembourg,528)', '(Guadeloupe,3)', '(Aruba,2)', '(Cyprus,4)', '(Argentina,1)', '(Belgium,538)', '(United Kingdom,44163)', '(Ecuador,1)', '(Qatar,2)', '(Thailand,1)', '(Bangladesh,1)', '(Norway,209)', '(Peru,4)', '(Estonia,124)', '(Bermuda,3)', '(Indonesia,1)', '(Bolivia,1)', '(Spain,7757)', '(Lithuania,154)', '(Poland,100)', '(Turkey,36)', '(Nigeria,1)', '(Israel,47)', '(Gibraltar,408)', '(Philippines,19)', '(Reunion,155)', '(Italy,3345)', '(Mexico,1)', '(Senegal,1)', '(United Arab Emirates,23)', '(India,16)', '(Iraq,1)', '(Austria,78)', '(Greece,506)', '(Sweden,1380)', '(Vietnam,1)', '(Bonaire,1)', '(Finland,112)', '(Bulgaria,5)', '(Latvia,188)', '(South Korea,14)', '(French Guiana,4)', '(Mayotte,10)', '(Denmark,1225)']"
"B.1.177.10","['(Sweden,2)', '(France,3)', '(United Kingdom,949)', '(Spain,108)', '(Croatia,1)', '(Italy,46)', '(Belgium,8)', '(New Zealand,1)', '(Switzerland,8)', '(Netherlands,5)', '(Turkey,3)']"
"B.1.177.12","['(Italy,2)', '(Netherlands,1)', '(Israel,1)', '(Luxembourg,1)', '(Spain,5)', '(Finland,1)', '(Denmark,6521)', '(Portugal,1)', '(Norway,1)', '(Croatia,1)', '(United Kingdom,1)', '(Latvia,6)', '(Switzerland,3)', '(Iceland,3)', '(Sweden,1)']"
"B.1.177.15","['(Germany,4)', '(Denmark,2)', '(Italy,3)', '(Switzerland,1)', '(Israel,1)', '(Sweden,13)', '(Spain,1)', '(Hong Kong,4)', '(United Kingdom,1433)', '(Iceland,1)', '(Belgium,4)', '(Portugal,6)', '(Singapore,1)']"
"B.1.177.16","['(Sweden,17)', '(Spain,2)', '(Denmark,2)', '(India,3)', '(Italy,1)', '(United Kingdom,1401)', '(Netherlands,1)', '(Germany,2)']"
"B.1.177.17","['(United Kingdom,1154)', '(Switzerland,2)', '(Greece,2)', '(Lithuania,48)', '(Italy,1)', '(Germany,19)']"
"B.1.177.21","['(Greece,1)', '(Cyprus,1)', '(Iceland,16)', '(Finland,1)', '(Canada,1)', '(Estonia,2)', '(Denmark,12381)', '(Italy,2)', '(Germany,73)', '(Croatia,5)', '(United Kingdom,17)', '(Sweden,391)', '(Spain,10)', '(Switzerland,5)', '(Norway,2)']"
"B.1.177.35","['(Denmark,879)', '(Spain,9)', '(France,13)', '(United Kingdom,4)', '(Poland,1)', '(Iceland,4)', '(Croatia,8)', '(Sweden,500)', '(Greece,1)', '(Finland,9)', '(Netherlands,4)', '(Germany,9)', '(Israel,107)', '(Belgium,1)', '(Switzerland,1)', '(Russia,1)', '(Serbia,1)']"
"B.1.177.4","['(United Arab Emirates,1)', '(Mauritius,2)', '(Thailand,1)', '(Portugal,4)', '(Italy,9)', '(Switzerland,1)', '(Sweden,1)', '(Ireland,1)', '(Cyprus,1)', '(Hong Kong,1)', '(Turkey,2)', '(Denmark,9)', '(Iceland,1)', '(India,1)', '(Spain,24)', '(United Kingdom,4412)', '(South Korea,2)', '(France,9)', '(New Zealand,3)', '(Australia,1)', '(Germany,7)']"
"B.1.177.44","['(Switzerland,1430)', '(Germany,68)', '(Spain,4)', '(Austria,3)', '(United Kingdom,49)', '(France,10)', '(Sweden,13)', '(Israel,1)', '(Denmark,8)', '(USA,4)', '(Slovenia,4)', '(Ireland,2)', '(New Zealand,5)', '(Poland,1)', '(Luxembourg,31)', '(South Korea,1)', '(Netherlands,43)', '(Portugal,17)', '(Norway,1)', '(Australia,1)', '(Belgium,7)', '(Croatia,1)', '(Iceland,4)', '(Italy,86)']"
"B.1.177.45","['(France,2)', '(Peru,2)', '(Sweden,1)', '(Iceland,2541)']"
"B.1.177.54","['(USA,1)', '(France,3)', '(Netherlands,11)', '(United Kingdom,1329)', '(Portugal,1)', '(Ireland,235)', '(Canada,2)']"
"B.1.177.56","['(Ireland,114)', '(Cyprus,2)', '(Denmark,1)', '(Portugal,2)', '(Switzerland,1)', '(New Zealand,1)', '(Sweden,1)', '(Austria,1)', '(United Kingdom,1294)', '(Germany,1)', '(Spain,6)']"
"B.1.177.57","['(Portugal,1)', '(Hong Kong,4)', '(Italy,1)', '(United Kingdom,3361)', '(France,7)', '(Sweden,1)', '(Netherlands,1)', '(Ireland,4)', '(Belgium,1)', '(Spain,1)', '(Germany,2)', '(Australia,3)', '(South Korea,1)', '(Norway,3)', '(Denmark,1)', '(New Zealand,4)', '(Poland,1)', '(Japan,1)']"
"B.1.177.60","['(Spain,13)', '(Norway,79)', '(Germany,57)', '(Reunion,1)', '(USA,3)', '(Italy,1)', '(Sweden,5)', '(Finland,10)', '(Australia,1)', '(United Kingdom,29)', '(France,4)', '(Greece,1)', '(Denmark,467)', '(Netherlands,7)', '(Iceland,17)', '(Estonia,3)', '(Lithuania,2214)', '(Switzerland,7)', '(Ireland,29)', '(Belgium,2)', '(Latvia,102)', '(Poland,1)']"
"B.1.177.65","['(Netherlands,1)', '(France,2)', '(United Kingdom,1475)']"
"B.1.177.7","['(Spain,10)', '(Denmark,5)', '(Finland,1)', '(Ghana,1)', '(Netherlands,4)', '(Italy,12)', '(Gibraltar,2)', '(Latvia,2)', '(USA,6)', '(Sweden,4)', '(France,1)', '(Portugal,5)', '(Norway,26)', '(Israel,1)', '(India,3)', '(Australia,1)', '(United Kingdom,5810)', '(Switzerland,10)', '(Iceland,4)', '(Germany,6)', '(Ireland,16)', '(Hong Kong,3)']"
"B.1.177.73","['(Suriname,1)', '(United Kingdom,6)', '(Aruba,3)', '(Germany,55)', '(Netherlands,1030)', '(Italy,1)', '(Bulgaria,4)', '(New Zealand,1)', '(Belgium,35)', '(Portugal,32)', '(Israel,6)', '(Romania,4)', '(Turkey,2)', '(Spain,3)', '(Sweden,18)', '(Poland,1)', '(France,3)', '(Iceland,1)', '(Switzerland,2)', '(Curacao,5)', '(Morocco,2)', '(Denmark,5)']"
"B.1.177.77","['(Luxembourg,167)', '(Norway,1)', '(Canada,2)', '(Denmark,255)', '(Sweden,71)', '(Malaysia,1)', '(United Kingdom,28)', '(Thailand,2)', '(Singapore,1)', '(Austria,4)', '(Switzerland,66)', '(Belgium,346)', '(Portugal,5)', '(Netherlands,141)', '(Turkey,1)', '(France,25)', '(Italy,5)', '(New Zealand,1)', '(Germany,174)', '(Spain,4)', '(Morocco,2)']"
"B.1.177.79","['(Norway,28)', '(United Kingdom,2)', '(Belgium,1)', '(Lithuania,667)', '(Sweden,43)', '(Spain,3)', '(Germany,4)', '(Denmark,123)', '(Italy,1)', '(Estonia,39)', '(Ireland,2)', '(Finland,9)', '(Latvia,493)']"
"B.1.177.8","['(Ireland,1)', '(Japan,1)', '(Poland,6)', '(Belgium,5)', '(Czech Republic,5)', '(Denmark,5)', '(United Kingdom,1239)', '(Sweden,1)', '(Iceland,2)', '(Spain,2)']"
"B.1.177.81","['(Poland,3)', '(Finland,1)', '(Italy,37)', '(Iceland,1)', '(Croatia,2)', '(Reunion,1)', '(Denmark,208)', '(British Virgin Islands,1)', '(United Kingdom,318)', '(Aruba,7)', '(India,1)', '(Mayotte,1)', '(Sweden,20)', '(Ireland,1)', '(Netherlands,1322)', '(Ghana,1)', '(Austria,62)', '(Portugal,19)', '(Germany,1806)', '(Switzerland,127)', '(Singapore,1)', '(Latvia,2)', '(North Macedonia,1)', '(France,166)', '(Taiwan,2)', '(Bonaire,1)', '(Luxembourg,45)', '(Norway,16)', '(New Zealand,2)', '(Spain,55)', '(Belgium,136)']"
"B.1.177.82","['(Norway,51)', '(Italy,1)', '(Portugal,1)', '(Croatia,8)', '(Lithuania,3)', '(Greece,1)', '(Switzerland,4)', '(Luxembourg,1)', '(Spain,1)', '(USA,1)', '(Finland,23)', '(United Kingdom,220)', '(Denmark,218)', '(Sweden,1177)', '(Netherlands,7)', '(Gibraltar,4)', '(Germany,4)']"
"B.1.177.86","['(Italy,4)', '(Belgium,3)', '(Finland,2)', '(Turkey,21)', '(Iceland,4)', '(Bulgaria,7)', '(United Kingdom,21)', '(Japan,1)', '(Netherlands,11)', '(Australia,1)', '(Slovakia,1)', '(Ireland,2)', '(Bosnia and Herzegovina,1)', '(France,2)', '(Croatia,7)', '(USA,19)', '(Poland,16)', '(Spain,1)', '(Sweden,861)', '(Ghana,1)', '(Austria,29)', '(Denmark,1603)', '(Luxembourg,2)', '(Bangladesh,2)', '(Greece,1)', '(Canada,9)', '(New Zealand,1)', '(Czech Republic,2)', '(Germany,2592)', '(Norway,6)', '(Switzerland,39)']"
"B.1.177.87","['(Gibraltar,7)', '(Hong Kong,2)', '(Romania,1)', '(Germany,22)', '(Switzerland,6)', '(Australia,1)', '(New Zealand,1)', '(Bermuda,1)', '(Denmark,8)', '(India,1)', '(Spain,2)', '(France,19)', '(Canada,10)', '(United Kingdom,1177)', '(Norway,2)', '(Italy,3)']"
"B.1.2","['(Honduras,1)', '(Israel,31)', '(Guyana,1)', '(Norway,17)', '(British Virgin Islands,1)', '(Ghana,2)', '(Latvia,1)', '(Finland,11)', '(Aruba,44)', '(Guadeloupe,17)', '(Angola,3)', '(Austria,7)', '(Thailand,4)', '(Argentina,2)', '(Singapore,7)', '(Iceland,7)', '(Brazil,2)', '(Belgium,7)', '(Chile,4)', '(El Salvador,1)', '(Cyprus,16)', '(Greece,3)', '(Bulgaria,4)', '(Sint Maarten,44)', '(New Zealand,19)', '(Indonesia,1)', '(Antigua and Barbuda,1)', '(Bermuda,2)', '(Curacao,2)', '(India,9)', '(USA,85323)', '(United Arab Emirates,1)', '(South Korea,44)', '(Costa Rica,11)', '(Luxembourg,2)', '(Guam,8)', '(Portugal,16)', '(Bolivia,1)', '(Rwanda,2)', '(Sweden,15)', '(Japan,90)', '(Cameroon,8)', '(Ecuador,8)', '(France,11)', '(Philippines,13)', '(Poland,38)', '(Turkey,1)', '(Slovenia,11)', '(Canada,1841)', '(Serbia,1)', '(Peru,5)', '(Czech Republic,1)', '(Italy,3)', '(Antigua,1)', '(Northern Mariana Islands,16)', '(Hong Kong,10)', '(Qatar,6)', '(Australia,60)', '(Jordan,1)', '(Netherlands,6)', '(Croatia,3)', '(Bahamas,2)', '(Senegal,2)', '(Mexico,160)', '(Equatorial Guinea,1)', '(Germany,140)', '(Taiwan,8)', '(United Kingdom,78)', '(Denmark,96)', '(Spain,11)', '(Switzerland,41)', '(Grenada,2)', '(Colombia,3)']"
"B.1.214.2","['(Belgium,627)', '(Portugal,10)', '(Senegal,1)', '(Germany,19)', '(United Kingdom,18)', '(Republic of the Congo,41)', '(Netherlands,5)', '(Denmark,3)', '(Togo,1)', '(Switzerland,220)', '(India,1)', '(France,210)', '(Ireland,9)', '(Indonesia,29)', '(Rwanda,3)', '(USA,92)', '(Malaysia,1)']"
"B.1.221","['(Switzerland,1068)', '(Gibraltar,5)', '(Australia,7)', '(Germany,2190)', '(Japan,2)', '(Ireland,3)', '(Costa Rica,1)', '(Turkey,16)', '(Serbia,3)', '(India,2)', '(Faroe Islands,1)', '(Belgium,1422)', '(Czech Republic,51)', '(United Kingdom,488)', '(USA,41)', '(Panama,15)', '(Israel,3)', '(Curacao,4)', '(Republic of the Congo,2)', '(Norway,129)', '(Latvia,2)', '(Austria,25)', '(Luxembourg,681)', '(Denmark,1785)', '(Canada,10)', '(Senegal,1)', '(Aruba,4)', '(Bulgaria,10)', '(Portugal,42)', '(Philippines,2)', '(Sweden,1143)', '(Spain,265)', '(Finland,19)', '(Morocco,4)', '(New Zealand,4)', '(Slovakia,4)', '(Sint Maarten,1)', '(Netherlands,2652)', '(France,153)', '(Italy,70)', '(Thailand,1)', '(Lithuania,20)', '(Greece,133)', '(Poland,361)', '(Slovenia,20)', '(Croatia,16)', '(South Korea,15)', '(Hong Kong,1)', '(Estonia,79)', '(Iceland,26)', '(North Macedonia,2)', '(Reunion,1)', '(Brazil,1)']"
"B.1.221.3","['(Germany,3)', '(Switzerland,3)', '(Norway,1)', '(Denmark,1185)']"
"B.1.232","['(Ireland,7)', '(USA,1323)', '(Denmark,3)', '(Mexico,58)', '(Costa Rica,1)', '(Colombia,2)', '(Norway,1)', '(Northern Mariana Islands,1)', '(United Kingdom,80)', '(Taiwan,1)', '(Canada,3)', '(Sweden,24)']"
"B.1.234","['(USA,6168)', '(Costa Rica,6)', '(Chile,2)', '(Israel,2)', '(Cayman Islands,1)', '(India,2)', '(Brazil,2)', '(Switzerland,4)', '(Denmark,3)', '(Guam,2)', '(Canada,10)', '(United Kingdom,5)', '(Peru,2)', '(Germany,1)', '(Australia,2)', '(Bermuda,2)', '(Mexico,4)', '(Finland,1)', '(Panama,1)', '(Japan,10)', '(Spain,2)']"
"B.1.240","['(Denmark,2)', '(Serbia,1)', '(Japan,2)', '(Italy,1)', '(Australia,4)', '(Canada,51)', '(Switzerland,6)', '(New Zealand,1)', '(Germany,37)', '(France,1)', '(United Kingdom,24)', '(Ecuador,1)', '(Israel,1)', '(Nigeria,1)', '(Philippines,1)', '(Greece,1)', '(Aruba,1)', '(Bahamas,8)', '(Brazil,1)', '(USA,3018)', '(Turkey,3)', '(Cameroon,2)', '(Singapore,2)']"
"B.1.243","['(Finland,1)', '(Hong Kong,1)', '(Mexico,234)', '(Sweden,12)', '(Barbados,1)', '(Costa Rica,4)', '(Ghana,1)', '(Japan,11)', '(Philippines,2)', '(Spain,5)', '(Germany,2)', '(Guam,5)', '(Bermuda,4)', '(France,4)', '(Greece,11)', '(South Korea,6)', '(Switzerland,5)', '(Aruba,3)', '(United Kingdom,5)', '(Northern Mariana Islands,16)', '(Canada,102)', '(Latvia,1)', '(India,2)', '(Peru,1)', '(Denmark,2)', '(Colombia,2)', '(Norway,1)', '(Australia,2)', '(Iceland,1)', '(USA,10283)']"
"B.1.258","['(Singapore,1)', '(Italy,276)', '(Cyprus,77)', '(Portugal,10)', '(New Zealand,1)', '(Canada,18)', '(Turkey,5)', '(Bosnia and Herzegovina,7)', '(Montenegro,8)', '(France,279)', '(Latvia,8)', '(Israel,90)', '(Japan,6)', '(Sri Lanka,10)', '(Georgia,1)', '(Senegal,1)', '(Ghana,1)', '(Netherlands,313)', '(Australia,15)', '(Switzerland,751)', '(Uganda,5)', '(Romania,85)', '(Iceland,170)', '(Slovakia,120)', '(Estonia,75)', '(India,4)', '(Belgium,264)', '(Thailand,2)', '(South Korea,5)', '(Poland,284)', '(Slovenia,230)', '(Luxembourg,56)', '(Mexico,1)', '(Germany,2566)', '(Czech Republic,450)', '(North Macedonia,10)', '(Greece,66)', '(Croatia,289)', '(Sweden,788)', '(Serbia,1)', '(Lithuania,50)', '(Faroe Islands,10)', '(Bulgaria,43)', '(Philippines,3)', '(Hungary,6)', '(United Kingdom,2327)', '(Denmark,2004)', '(Hong Kong,3)', '(Finland,63)', '(Spain,174)', '(USA,46)', '(Austria,283)', '(Liechtenstein,28)', '(Brazil,1)', '(Kosovo,2)', '(Norway,239)', '(Ireland,55)']"
"B.1.258.11","['(United Kingdom,1)', '(Italy,1)', '(Norway,1)', '(Switzerland,2)', '(Belgium,6)', '(Germany,11)', '(Denmark,2462)', '(Austria,2)', '(Iceland,1)']"
"B.1.258.17","['(Serbia,1)', '(Slovakia,2)', '(Kosovo,1)', '(Croatia,132)', '(Russia,1)', '(Spain,1)', '(USA,7)', '(Liechtenstein,2)', '(Luxembourg,1)', '(Cyprus,1)', '(Netherlands,20)', '(France,4)', '(Hungary,3)', '(United Kingdom,7)', '(Bosnia and Herzegovina,3)', '(Denmark,39)', '(Bulgaria,6)', '(Greece,1)', '(Italy,70)', '(Poland,6)', '(Singapore,1)', '(North Macedonia,37)', '(Canada,5)', '(Belgium,20)', '(Germany,589)', '(Portugal,2)', '(Norway,3)', '(Switzerland,585)', '(Sweden,356)', '(Austria,161)', '(Slovenia,4688)']"
"B.1.279","['(Canada,1835)', '(United Kingdom,1)', '(USA,5)']"
"B.1.311","['(India,38)', '(Jordan,1)', '(Spain,1)', '(Italy,1)', '(Philippines,2)', '(Australia,1)', '(Uganda,1)', '(USA,2869)', '(Iceland,1)', '(Japan,2)', '(Israel,1)', '(Guam,1)', '(Sweden,7)', '(Canada,31)']"
"B.1.349","['(USA,995)', '(Qatar,1)', '(Australia,1)', '(Burkina Faso,2)', '(Aruba,1)', '(Pakistan,1)', '(India,1)', '(Panama,3)', '(United Kingdom,2)', '(Turkey,1)', '(Japan,1)', '(Canada,35)', '(Kenya,1)']"
"B.1.351","['(Iraq,1)', '(Argentina,1)', '(Malaysia,70)', '(Hong Kong,29)', '(Israel,229)', '(Malawi,150)', '(Portugal,88)', '(French Guiana,1)', '(Netherlands,672)', '(USA,1827)', '(Kenya,68)', '(Canada,607)', '(Japan,64)', '(Mexico,12)', '(Suriname,4)', '(Eswatini,26)', '(Belgium,919)', '(New Zealand,27)', '(Bangladesh,33)', '(Tunisia,1)', '(Botswana,203)', '(Jordan,2)', '(Chile,2)', '(Singapore,75)', '(Mozambique,137)', '(Qatar,484)', '(Brazil,5)', '(United Arab Emirates,5)', '(Cote d\'Ivoire,1)', '(Russia,15)', '(Greece,19)', '(South Africa,4045)', '(Italy,40)', '(Gabon,3)', '(Luxembourg,740)', '(Lithuania,11)', '(Mayotte,33)', '(Equatorial Guinea,40)', '(Democratic Republic of the Congo,13)', '(Denmark,98)', '(Thailand,16)', '(Sweden,1993)', '(Ghana,12)', '(Guam,2)', '(Zimbabwe,182)', '(Philippines,687)', '(Zambia,31)', '(Guinea Bissau,1)', '(Aruba,3)', '(Saudi Arabia,1)', '(Czech Republic,56)', '(Guadeloupe,2)', '(Angola,22)', '(Mauritius,5)', '(France,1641)', '(Spain,208)', '(Sri Lanka,5)', '(Germany,2046)', '(Poland,41)', '(Uganda,13)', '(Pakistan,10)', '(Australia,54)', '(Reunion,268)', '(Latvia,7)', '(United Kingdom,624)', '(Togo,2)', '(Cameroon,9)', '(Austria,254)', '(Martinique,2)', '(Norway,347)', '(Sint Maarten,1)', '(Finland,313)', '(Slovenia,31)', '(Namibia,9)', '(Estonia,13)', '(Malta,2)', '(Rwanda,26)', '(Indonesia,4)', '(Costa Rica,11)', '(Brunei,1)', '(Ireland,69)', '(Switzerland,197)', '(Bahrain,1)', '(North Macedonia,1)', '(Panama,2)', '(Lesotho,14)', '(Romania,6)', '(India,135)', '(Turkey,544)', '(South Korea,17)', '(Slovakia,27)', '(Croatia,14)']"
"B.1.351.2","['(Spain,18)', '(Ghana,1)', '(Italy,17)', '(Canada,6)', '(Mayotte,355)', '(India,2)', '(France,671)', '(Comoros,6)', '(South Africa,7)', '(Netherlands,1)', '(Tunisia,1)', '(Madagascar,17)', '(Belgium,37)', '(United Kingdom,10)', '(Equatorial Guinea,1)', '(Reunion,402)', '(Norway,1)', '(Greece,12)', '(Indonesia,1)', '(Israel,1)', '(Monaco,1)', '(Switzerland,26)', '(Germany,26)', '(Turkey,5)', '(USA,13)']"
"B.1.36","['(Philippines,11)', '(Ghana,1)', '(Saudi Arabia,134)', '(Afghanistan,9)', '(Canada,1473)', '(Belgium,20)', '(Pakistan,33)', '(Guyana,1)', '(Greece,13)', '(Tunisia,1)', '(Romania,6)', '(South Korea,8)', '(Belarus,5)', '(Jordan,3)', '(Turkey,52)', '(Sweden,12)', '(Denmark,242)', '(Serbia,1)', '(Bahrain,3)', '(New Zealand,27)', '(Zambia,1)', '(Netherlands,55)', '(Thailand,4)', '(Iraq,1)', '(India,1244)', '(Morocco,3)', '(United Arab Emirates,85)', '(Norway,54)', '(Spain,4)', '(Hong Kong,360)', '(Gibraltar,1)', '(Austria,3)', '(USA,128)', '(Ireland,20)', '(Trinidad and Tobago,5)', '(France,8)', '(Japan,83)', '(Luxembourg,3)', '(North Macedonia,3)', '(Russia,1)', '(Cyprus,1)', '(Bangladesh,1)', '(United Kingdom,415)', '(Iran,10)', '(Germany,66)', '(Lebanon,1)', '(Egypt,2)', '(Singapore,29)', '(Nepal,10)', '(Oman,11)', '(Switzerland,49)', '(British Virgin Islands,1)', '(Myanmar,3)', '(Qatar,11)', '(Bermuda,2)', '(Algeria,1)', '(Australia,68)', '(Indonesia,2)', '(Finland,6)', '(Italy,4)']"
"B.1.36.17","['(Indonesia,1)', '(Japan,1)', '(Qatar,1)', '(Canada,3)', '(New Zealand,2)', '(United Kingdom,1827)', '(USA,3)', '(Australia,2)', '(India,28)', '(Ireland,2)', '(Denmark,5)', '(Switzerland,25)']"
"B.1.36.18","['(Guyana,1)', '(Hong Kong,6)', '(Switzerland,1)', '(USA,4)', '(United Kingdom,1)', '(Canada,1811)', '(New Zealand,9)', '(Rwanda,1)', '(India,43)']"
"B.1.36.29","['(France,1)', '(Greece,1)', '(Hong Kong,4)', '(Belgium,2)', '(USA,12)', '(Philippines,5)', '(Switzerland,3)', '(Singapore,13)', '(Rwanda,2)', '(Mauritius,3)', '(United Arab Emirates,6)', '(Australia,3)', '(India,1007)', '(Qatar,5)', '(Netherlands,1)', '(Japan,2)', '(New Zealand,4)', '(South Korea,1)', '(Lithuania,1)', '(Ireland,2)', '(Israel,1)', '(United Kingdom,55)', '(Canada,18)']"
"B.1.369","['(Canada,59)', '(Germany,1)', '(Taiwan,1)', '(USA,2277)', '(Netherlands,4)', '(New Zealand,91)', '(Australia,4)', '(Switzerland,2)', '(Costa Rica,1)', '(Saint Lucia,1)', '(Bermuda,3)', '(India,22)', '(Mexico,8)', '(Sweden,1)', '(South Korea,3)', '(Northern Mariana Islands,2)', '(Japan,3)', '(United Kingdom,6)', '(Hong Kong,2)']"
"B.1.396","['(Canada,2)', '(Japan,1)', '(South Korea,2)', '(Czech Republic,1)', '(Panama,1)', '(Honduras,1)', '(USA,1182)', '(Mexico,43)', '(Germany,4)']"
"B.1.400","['(South Korea,1)', '(Cambodia,1)', '(United Kingdom,1)', '(New Zealand,1)', '(Switzerland,3)', '(Israel,1)', '(Iceland,1)', '(Gabon,1)', '(Japan,3)', '(Mexico,13)', '(Canada,4)', '(USA,1755)', '(Hong Kong,1)']"
"B.1.409","['(Canada,2)', '(Greece,3)', '(Australia,1)', '(USA,992)', '(United Kingdom,3)', '(Portugal,1)', '(Colombia,1)', '(India,1)', '(Switzerland,1)', '(Aruba,1)', '(Israel,1)']"
"B.1.422","['(USA,6)', '(South Korea,1)', '(Singapore,1)', '(Canada,1173)', '(Norway,1)']"
"B.1.427","['(Belgium,1)', '(Canada,16)', '(India,4)', '(Switzerland,3)', '(Spain,5)', '(Turkey,2)', '(United Kingdom,8)', '(Curacao,1)', '(Austria,1)', '(USA,12650)', '(Denmark,13)', '(Germany,3)', '(Qatar,11)', '(Netherlands,4)', '(Norway,1)', '(Argentina,26)', '(Italy,1)', '(France,3)', '(Colombia,1)', '(Aruba,49)', '(Costa Rica,9)', '(South Korea,13)', '(Mexico,187)', '(Australia,3)', '(Japan,2)', '(Singapore,2)', '(Cameroon,1)', '(Chile,2)']"
"B.1.429","['(Germany,3)', '(North Macedonia,1)', '(Aruba,8)', '(United Kingdom,10)', '(Cameroon,3)', '(Australia,15)', '(France,4)', '(Guadeloupe,3)', '(Switzerland,1)', '(Canada,41)', '(Singapore,2)', '(New Zealand,4)', '(Sint Maarten,1)', '(Japan,18)', '(Cambodia,2)', '(Guam,8)', '(Finland,2)', '(Ireland,7)', '(South Korea,90)', '(Norway,2)', '(Denmark,24)', '(Northern Mariana Islands,1)', '(Costa Rica,1)', '(Sweden,2)', '(Taiwan,8)', '(Italy,1)', '(Chile,15)', '(Philippines,2)', '(Israel,10)', '(British Virgin Islands,1)', '(Mexico,187)', '(USA,30551)', '(Argentina,2)', '(Netherlands,1)']"
"B.1.438.1","['(Spain,1)', '(United Arab Emirates,2)', '(United Kingdom,2)', '(Australia,1)', '(Mexico,1)', '(Germany,2)', '(Japan,1)', '(Canada,3892)', '(Taiwan,1)', '(USA,30)', '(Iran,2)']"
"B.1.497","['(Switzerland,1)', '(South Korea,2967)', '(Japan,1)', '(Spain,1)', '(Turkey,1)', '(USA,1)']"
"B.1.517","['(United Kingdom,1)', '(USA,1806)', '(Japan,1)', '(South Africa,1)', '(Italy,1)', '(Canada,12)', '(Australia,1)', '(Guadeloupe,1)']"
"B.1.525","['(South Korea,2)', '(Luxembourg,45)', '(Latvia,1)', '(Cameroon,3)', '(Portugal,13)', '(Singapore,9)', '(Mayotte,2)', '(Indonesia,4)', '(Gabon,1)', '(Qatar,1)', '(Guadeloupe,2)', '(Argentina,1)', '(Philippines,4)', '(Nigeria,204)', '(Angola,1)', '(Belgium,58)', '(Rwanda,5)', '(Israel,15)', '(Turkey,44)', '(Slovenia,50)', '(United Kingdom,431)', '(Ghana,30)', '(Canada,923)', '(Spain,132)', '(Brazil,1)', '(France,523)', '(Aruba,1)', '(Japan,16)', '(Costa Rica,4)', '(Sweden,8)', '(Niger,6)', '(Ireland,60)', '(Italy,293)', '(Tunisia,1)', '(Cote d\'Ivoire,10)', '(Netherlands,52)', '(Norway,80)', '(Austria,17)', '(Greece,2)', '(Russia,1)', '(Guinea,5)', '(Finland,8)', '(Belarus,1)', '(Poland,9)', '(Reunion,3)', '(Switzerland,51)', '(Morocco,1)', '(Gambia,1)', '(South Africa,2)', '(Jordan,2)', '(Malta,12)', '(Germany,614)', '(Bangladesh,13)', '(USA,1057)', '(Malaysia,2)', '(Australia,12)', '(Thailand,2)', '(Togo,23)', '(India,94)', '(Denmark,611)', '(Uganda,18)', '(Sri Lanka,1)']"
"B.1.526","['(Colombia,1)', '(Germany,25)', '(Ireland,6)', '(Chile,5)', '(Grenada,1)', '(Hong Kong,1)', '(Spain,68)', '(South Korea,4)', '(Ecuador,71)', '(USA,20323)', '(Sint Maarten,6)', '(Lithuania,1)', '(Israel,9)', '(Italy,2)', '(Costa Rica,2)', '(Singapore,6)', '(Australia,4)', '(Argentina,7)', '(Canada,72)', '(United Kingdom,15)', '(Mexico,15)', '(Portugal,2)', '(Netherlands,2)', '(Sweden,3)', '(Austria,2)', '(France,7)', '(Croatia,4)', '(Aruba,80)', '(Switzerland,5)']"
"B.1.526.1","['(Curacao,1)', '(USA,8407)', '(France,1)', '(Belgium,1)', '(Poland,1)', '(Russia,3)', '(Aruba,5)', '(Dominican Republic,2)', '(Turkey,1)', '(Guadeloupe,1)', '(Germany,1)', '(Canada,5)', '(Australia,1)', '(Singapore,1)', '(United Kingdom,20)', '(Netherlands,3)', '(Lithuania,1)', '(Finland,2)', '(Switzerland,3)', '(Grenada,1)']"
"B.1.526.2","['(Switzerland,1)', '(Denmark,8)', '(USA,9389)', '(Germany,1)', '(Romania,2)', '(Japan,4)', '(Sint Maarten,1)', '(Aruba,2)', '(United Kingdom,1)', '(Dominican Republic,1)', '(Spain,2)', '(Mexico,4)', '(Argentina,1)', '(Ghana,2)', '(Canada,2)', '(Ireland,5)']"
"B.1.561","['(USA,1545)', '(United Kingdom,1)', '(Mexico,108)', '(Peru,3)', '(Canada,22)', '(Guam,1)', '(Egypt,1)', '(Aruba,5)']"
"B.1.564","['(South Africa,1)', '(Mexico,2)', '(Canada,9)', '(India,1)', '(Northern Mariana Islands,1)', '(Denmark,1)', '(New Zealand,3)', '(Philippines,2)', '(USA,1937)']"
"B.1.575","['(South Africa,1)', '(Japan,1)', '(Curacao,2)', '(United Kingdom,7)', '(Dominican Republic,22)', '(Finland,1)', '(Haiti,1)', '(Belgium,7)', '(Israel,7)', '(Switzerland,12)', '(Portugal,10)', '(Costa Rica,4)', '(USA,2540)', '(Canada,3)', '(Spain,94)', '(Aruba,15)', '(Sint Maarten,1)', '(Latvia,1)', '(Netherlands,5)', '(Taiwan,1)', '(Brazil,1)', '(Italy,3)', '(Turkey,2)', '(Chile,4)', '(France,6)', '(Argentina,1)', '(Denmark,5)', '(Poland,5)', '(Bonaire,18)', '(India,4)', '(Luxembourg,7)', '(Germany,11)', '(Bolivia,1)', '(Croatia,9)']"
"B.1.577","['(Finland,1)', '(Germany,1)', '(Colombia,1)', '(South Africa,3)', '(Iceland,1)', '(Hong Kong,1)', '(Mozambique,1)', '(South Korea,1)', '(Canada,20)', '(Botswana,1)', '(United Kingdom,4)', '(Bangladesh,1)', '(Brazil,1)', '(Kenya,1)', '(Mexico,1)', '(France,1)', '(USA,1452)', '(Qatar,2)', '(Turkey,2)']"
"B.1.582","['(Brazil,4)', '(Mexico,1)', '(France,1)', '(United Kingdom,3)', '(Colombia,1)', '(USA,1424)', '(South Korea,1)', '(India,5)', '(Canada,4)', '(Denmark,11)', '(Gambia,1)']"
"B.1.588","['(USA,1015)', '(Aruba,2)', '(Switzerland,1)', '(Mexico,1)', '(Canada,3)', '(Ireland,5)']"
"B.1.595","['(Japan,3)', '(USA,2959)', '(Turkey,1)', '(United Kingdom,1)', '(Spain,3)', '(Switzerland,1)', '(Australia,1)', '(South Korea,1)', '(Mexico,4)', '(Hong Kong,1)', '(Canada,15)', '(Germany,1)', '(Estonia,3)', '(Bahamas,1)', '(Singapore,5)']"
"B.1.596","['(Germany,2)', '(South Korea,3)', '(Ecuador,2)', '(Chile,1)', '(Switzerland,1)', '(Iceland,1)', '(United Kingdom,3)', '(Belgium,1)', '(Colombia,2)', '(Croatia,1)', '(Costa Rica,3)', '(Japan,2)', '(Russia,1)', '(Curacao,1)', '(Greece,1)', '(Bermuda,2)', '(Canada,40)', '(Panama,1)', '(Denmark,1)', '(Mexico,32)', '(Poland,1)', '(Honduras,2)', '(France,1)', '(Hong Kong,1)', '(USA,9920)', '(India,18)', '(Spain,5)', '(Taiwan,1)', '(New Zealand,1)', '(Equatorial Guinea,1)', '(Senegal,1)', '(Italy,1)', '(Peru,1)', '(Rwanda,1)', '(Australia,5)', '(Turkey,1)']"
"B.1.609","['(Mexico,163)', '(Norway,1)', '(France,1)', '(Indonesia,2)', '(Greece,1)', '(Romania,1)', '(Philippines,2)', '(Netherlands,1)', '(Japan,1)', '(Italy,1)', '(India,4)', '(United Kingdom,3)', '(Portugal,1)', '(Belgium,2)', '(Spain,2)', '(Canada,9)', '(USA,995)', '(Guam,1)', '(Austria,1)', '(Switzerland,9)']"
"B.1.617.1","['(Singapore,59)', '(South Africa,1)', '(New Zealand,4)', '(Denmark,27)', '(USA,237)', '(Netherlands,9)', '(Sweden,5)', '(Spain,5)', '(Thailand,1)', '(Malaysia,1)', '(Finland,1)', '(Greece,1)', '(Curacao,1)', '(Sint Maarten,2)', '(Jordan,4)', '(Belgium,9)', '(Germany,84)', '(South Korea,5)', '(France,10)', '(Switzerland,11)', '(Australia,70)', '(Japan,25)', '(Qatar,5)', '(Austria,1)', '(Luxembourg,7)', '(Ireland,89)', '(Mexico,5)', '(Canada,38)', '(Slovakia,1)', '(Nepal,1)', '(Indonesia,3)', '(United Kingdom,371)', '(Portugal,9)', '(Bahrain,8)', '(Italy,6)', '(India,1945)', '(Guadeloupe,2)', '(Hong Kong,8)', '(Uganda,1)', '(Czech Republic,4)', '(Ghana,5)']"
"B.1.617.2","['(Uganda,4)', '(Argentina,1)', '(Iran,11)', '(Georgia,4)', '(Aruba,3)', '(Australia,129)', '(Denmark,78)', '(Austria,4)', '(Turkey,2)', '(Slovenia,2)', '(Belgium,150)', '(India,2617)', '(Singapore,233)', '(Reunion,1)', '(Cambodia,4)', '(Bangladesh,37)', '(Democratic Republic of the Congo,6)', '(Norway,39)', '(Indonesia,29)', '(Anguilla,1)', '(Mexico,24)', '(Vietnam,5)', '(Sint Maarten,2)', '(Malaysia,7)', '(Canada,126)', '(Jordan,1)', '(Sri Lanka,1)', '(Finland,9)', '(France,85)', '(Italy,130)', '(Romania,19)', '(Luxembourg,51)', '(China,7)', '(South Africa,14)', '(Botswana,3)', '(Thailand,7)', '(Sweden,13)', '(South Korea,1)', '(Guam,1)', '(Qatar,16)', '(Bahrain,11)', '(Poland,56)', '(Brazil,2)', '(Malta,1)', '(Japan,151)', '(Morocco,1)', '(Bulgaria,1)', '(Portugal,68)', '(Russia,88)', '(Netherlands,48)', '(Spain,98)', '(Nepal,6)', '(Israel,38)', '(USA,1578)', '(Czech Republic,9)', '(United Kingdom,16655)', '(Greece,3)', '(Switzerland,73)', '(Ireland,129)', '(Germany,494)', '(New Zealand,13)', '(Ghana,1)', '(Pakistan,1)', '(Hong Kong,2)']"
"B.1.623","['(Netherlands,4)', '(Aruba,3)', '(Colombia,2)', '(Belgium,1)', '(Czech Republic,1)', '(USA,1241)', '(United Kingdom,2)', '(Switzerland,4)', '(Spain,5)', '(Canada,1)', '(France,1)', '(Italy,2)', '(Dominican Republic,2)', '(Curacao,1)', '(Mexico,1)']"
"B.1.93","['(Switzerland,42)', '(Austria,1)', '(Croatia,1)', '(Taiwan,1)', '(Singapore,1)', '(Canada,3)', '(France,12)', '(Denmark,3)', '(USA,6)', '(Iceland,6)', '(Luxembourg,2)', '(United Kingdom,939)', '(Spain,4)', '(Ireland,26)']"
"B.3","['(Israel,4)', '(Denmark,35)', '(Malaysia,1)', '(Slovakia,6)', '(USA,30)', '(Senegal,1)', '(Croatia,1)', '(Brazil,2)', '(New Zealand,16)', '(Finland,6)', '(Canada,21)', '(United Kingdom,569)', '(Hong Kong,28)', '(Australia,37)', '(South Africa,1)', '(Poland,1)', '(Hungary,1)', '(Switzerland,4)', '(Greece,2)', '(Belgium,40)', '(Sweden,12)', '(Luxembourg,3)', '(Japan,3)', '(Taiwan,1)', '(Singapore,6)', '(Germany,202)', '(France,3)', '(Czech Republic,2)', '(Vietnam,1)', '(Peru,2)', '(Netherlands,36)', '(Latvia,2)', '(Austria,20)', '(Thailand,2)', '(Iceland,44)', '(Portugal,6)', '(Norway,2)', '(Bulgaria,1)', '(Ireland,9)']"
"B.40","['(Nigeria,10)', '(China,3)', '(Democratic Republic of the Congo,2)', '(Kenya,3)', '(Portugal,47)', '(Iceland,39)', '(Panama,1)', '(Chile,1)', '(Czech Republic,4)', '(United Kingdom,2194)', '(Belgium,5)', '(Slovakia,1)', '(South Korea,12)', '(Greece,12)', '(Italy,1)', '(Ireland,58)', '(Japan,3)', '(Netherlands,7)', '(Vietnam,1)', '(Germany,24)', '(Canada,53)', '(Thailand,3)', '(Taiwan,4)', '(Singapore,5)', '(Qatar,69)', '(Jamaica,3)', '(Argentina,1)', '(Brazil,3)', '(Aruba,2)', '(Sweden,1)', '(South Africa,2)', '(Austria,3)', '(Israel,3)', '(Switzerland,7)', '(Mongolia,1)', '(Spain,4)', '(France,16)', '(Ghana,1)', '(USA,129)', '(India,4)', '(New Zealand,14)', '(Jordan,1)', '(Bangladesh,1)', '(Poland,13)', '(Finland,3)', '(Australia,66)']"
"B.6","['(Slovenia,1)', '(Brazil,2)', '(Cambodia,7)', '(Kenya,1)', '(Pakistan,2)', '(Taiwan,8)', '(Turkey,1)', '(Australia,77)', '(South Africa,4)', '(New Zealand,6)', '(Guam,4)', '(China,3)', '(Timor-Leste,16)', '(Switzerland,1)', '(Singapore,35)', '(Hong Kong,5)', '(Sierra Leone,1)', '(South Korea,4)', '(France,3)', '(Papua New Guinea,8)', '(Germany,2)', '(Saudi Arabia,2)', '(USA,52)', '(Brunei,3)', '(Indonesia,16)', '(Myanmar,5)', '(Thailand,16)', '(Japan,31)', '(Malaysia,48)', '(Philippines,55)', '(Jamaica,1)', '(Portugal,2)', '(Israel,6)', '(Zambia,10)', '(United Kingdom,11)', '(Madagascar,2)', '(Canada,24)', '(Senegal,1)', '(Oman,4)', '(India,537)', '(Gambia,1)']"
"B.6.6","['(Australia,7)', '(Cambodia,2)', '(Pakistan,1)', '(India,158)', '(Malaysia,11)', '(Singapore,859)']"
"C.35","['(Germany,219)', '(Australia,2)', '(Czech Republic,12)', '(Greece,80)', '(Slovenia,53)', '(Italy,10)', '(Norway,11)', '(USA,4)', '(Sweden,61)', '(Poland,2)', '(Belgium,27)', '(Spain,1)', '(Bulgaria,10)', '(Switzerland,133)', '(Austria,30)', '(Montenegro,8)', '(Denmark,125)', '(France,10)', '(North Macedonia,2)', '(United Arab Emirates,1)', '(Finland,9)', '(Croatia,11)', '(Luxembourg,23)', '(Slovakia,2)', '(Serbia,53)', '(Netherlands,4)', '(Russia,1)', '(Kosovo,5)', '(United Kingdom,192)', '(Bosnia and Herzegovina,3)', '(Iceland,3)', '(Hungary,2)']"
"C.36","['(Germany,225)', '(Greece,7)', '(Singapore,3)', '(Senegal,1)', '(Japan,6)', '(India,7)', '(Lithuania,13)', '(Cameroon,1)', '(United Arab Emirates,14)', '(Ghana,1)', '(Slovakia,2)', '(Thailand,1)', '(Colombia,1)', '(Luxembourg,7)', '(Belarus,1)', '(New Zealand,4)', '(Israel,5)', '(Ireland,15)', '(Slovenia,2)', '(Poland,6)', '(Turkey,12)', '(Jordan,1)', '(Latvia,3)', '(Australia,17)', '(Norway,23)', '(Egypt,367)', '(Italy,33)', '(Philippines,1)', '(Canada,22)', '(Paraguay,3)', '(Bangladesh,1)', '(Austria,18)', '(Portugal,8)', '(Denmark,83)', '(Czech Republic,11)', '(Spain,10)', '(Chile,2)', '(United Kingdom,210)', '(Belgium,15)', '(Sri Lanka,2)', '(South Korea,1)', '(Serbia,3)', '(Malaysia,3)', '(Sweden,19)', '(Qatar,2)', '(Romania,1)', '(USA,224)', '(France,35)', '(Malta,2)', '(Bahrain,1)', '(Indonesia,5)', '(Netherlands,8)', '(Switzerland,110)']"
"C.37","['(Israel,24)', '(Switzerland,4)', '(Ecuador,19)', '(Australia,1)', '(USA,526)', '(France,5)', '(Colombia,12)', '(United Kingdom,5)', '(Portugal,1)', '(Germany,65)', '(Dominican Republic,1)', '(Chile,453)', '(Aruba,1)', '(Denmark,2)', '(Mexico,15)', '(Brazil,2)', '(Peru,53)', '(Turkey,1)', '(Italy,1)', '(Argentina,86)', '(Canada,1)', '(Spain,30)']"
"D.2","['(Australia,12738)', '(Germany,3)', '(Spain,1)', '(USA,4)', '(Mexico,1)', '(Latvia,1)', '(Bangladesh,1)']"
"P.1","['(Argentina,237)', '(China,2)', '(Dominican Republic,2)', '(South Korea,4)', '(Bangladesh,1)', '(Peru,25)', '(Philippines,2)', '(Italy,218)', '(Germany,189)', '(French Guiana,117)', '(Mexico,174)', '(Denmark,15)', '(India,2)', '(Faroe Islands,1)', '(Paraguay,14)', '(Sweden,61)', '(Trinidad and Tobago,9)', '(Slovenia,2)', '(Suriname,8)', '(Brazil,6780)', '(USA,12602)', '(Singapore,6)', '(Switzerland,112)', '(Canada,2808)', '(Turkey,22)', '(Japan,100)', '(Costa Rica,23)', '(Netherlands,416)', '(Australia,6)', '(Ecuador,19)', '(Uruguay,57)', '(Spain,504)', '(Belgium,1027)', '(Lithuania,2)', '(Bolivia,8)', '(France,258)', '(Taiwan,4)', '(Romania,5)', '(Guyana,1)', '(Malta,21)', '(Aruba,40)', '(Luxembourg,47)', '(New Zealand,6)', '(Curacao,2)', '(Austria,3)', '(United Kingdom,137)', '(Israel,4)', '(Ireland,25)', '(Colombia,160)', '(Chile,480)', '(Poland,3)', '(Portugal,138)', '(Norway,4)', '(Jordan,5)']"
"P.1.1","['(Uruguay,1)', '(Argentina,1)', '(Turkey,1)', '(Colombia,4)', '(Canada,5)', '(Norway,1)', '(Mexico,3)', '(Romania,4)', '(Slovenia,1)', '(Belgium,104)', '(Brazil,16)', '(France,6)', '(Italy,875)', '(Germany,165)', '(Thailand,1)', '(Luxembourg,33)', '(United Kingdom,7)', '(Switzerland,7)', '(Denmark,6)', '(Poland,6)', '(Netherlands,2)', '(Malta,6)', '(Spain,4)', '(USA,379)']"
"P.2","['(Paraguay,16)', '(Argentina,72)', '(Sweden,18)', '(Canada,67)', '(Ireland,17)', '(New Zealand,1)', '(Germany,10)', '(USA,1238)', '(Reunion,1)', '(Spain,37)', '(Australia,4)', '(Malaysia,1)', '(Mexico,42)', '(Italy,5)', '(Norway,24)', '(Costa Rica,4)', '(Portugal,21)', '(Switzerland,24)', '(Denmark,21)', '(French Guiana,71)', '(Japan,5)', '(Sint Maarten,1)', '(United Kingdom,58)', '(India,11)', '(Singapore,1)', '(Luxembourg,3)', '(Georgia,1)', '(Belgium,2)', '(Croatia,1)', '(Brazil,1514)', '(Netherlands,28)', '(Chile,18)', '(Suriname,48)', '(Austria,1)', '(South Korea,1)', '(Czech Republic,4)', '(France,44)']"
"R.1","['(Portugal,1)', '(India,2)', '(Japan,5814)', '(Finland,1)', '(United Arab Emirates,1)', '(Belgium,36)', '(Guinea,5)', '(Switzerland,3)', '(Trinidad and Tobago,34)', '(Germany,159)', '(Sweden,118)', '(Canada,55)', '(Croatia,2)', '(USA,2053)', '(Slovakia,1)', '(Aruba,1)', '(Turkey,8)', '(Sierra Leone,3)', '(Luxembourg,16)', '(United Kingdom,23)', '(France,12)', '(Spain,39)', '(China,1)', '(Netherlands,36)', '(Philippines,3)', '(Norway,1)', '(Ghana,6)', '(Italy,1)', '(Nigeria,1)', '(Austria,85)', '(Denmark,5)', '(Australia,3)', '(New Zealand,2)']"
NULL,"['(Pakistan,51)', '(Serbia,4)', '(Trinidad and Tobago,4)', '(Portugal,9)', '(Switzerland,160)', '(France,2955)', '(United Kingdom,35)', '(Lesotho,1)', '(USA,6095)', '(Finland,26)', '(Iceland,47)', '(Bangladesh,93)', '(Canada,5)', '(China,100)', '(Netherlands,2)', '(Cameroon,14)', '(Botswana,1)', '(Norway,6)', '(Chile,7)', '(Ireland,6)', '(Gambia,21)', '(Gabon,114)', '(Sweden,3)', '(Romania,10)', '(Bahrain,1)', '(Lithuania,63)', '(Zimbabwe,32)', '(Croatia,9)', '(Belgium,21)', '(Belarus,1)', '(Morocco,5)', '(Qatar,84)', '(Eswatini,5)', '(Vietnam,2)', '(Republic of the Congo,1)', '(Philippines,18)', '(Egypt,8)', '(Hong Kong,369)', '(Kenya,2)', '(Brazil,162)', '(Germany,304)', '(Austria,20687)', '(Papua New Guinea,2)', '(Ecuador,2)', '(Algeria,11)', '(Mexico,68)', '(Israel,477)', '(Mauritius,11)', '(Zambia,3)', '(Malaysia,4)', '(Turkey,4)', '(Australia,89)', '(Tunisia,6)', '(Thailand,203)', '(Spain,257)', '(Russia,293)', '(Venezuela,118)', '(Nigeria,43)', '(Jamaica,1)', '(Senegal,1)', '(Cuba,651)', '(Slovenia,56)', '(Poland,11)', '(Japan,2)', '(Slovakia,1)', '(South Africa,204)', '(Kuwait,9)', '(Malta,5)', '(Equatorial Guinea,5)', '(Italy,1232)', '(Somalia,3)', '(Sri Lanka,1)', '(Kazakhstan,52)', '(Argentina,923)', '(Nepal,7)', '(Dominican Republic,1)', '(Uzbekistan,10)', '(Burkina Faso,1)', '(Latvia,2)', '(Rwanda,6)', '(South Korea,1547)', '(Ghana,13)', '(India,445)', '(Namibia,8)', '(Panama,12)', '(Saint Kitts and Nevis,1)', '(Indonesia,34)', '(Iran,269)', '(Ukraine,3)', '(Greece,24)', '(Saint Vincent and the Grenadines,1)', '(Lebanon,2)', '(Colombia,55)', '(Iraq,112)']"
